日期,成交商品件数
2016-06-01,12563
2016-06-02,10664
2016-06-03,10799
2016-06-04,18214
2016-06-05,12680
2016-06-06,12907
2016-06-07,13973
2016-06-08,11414
2016-06-09,9802
2016-06-10,12192
2016-06-11,13583
2016-06-12,16541
2016-06-13,29154
2016-06-14,23745
2016-06-15,24536
2016-06-16,24346
2016-06-17,28087
2016-06-18,100217
2016-06-19,42483
2016-06-20,35707
2016-06-21,22786
2016-06-22,35156
2016-06-23,26922
2016-06-24,23489
2016-06-25,20320
2016-06-26,19119
2016-06-27,18082
2016-06-28,18133
2016-06-29,17712
2016-06-30,18911
2016-08-01,10432
2016-08-02,8906
2016-08-03,9626
2016-08-04,10063
2016-08-05,11551
2016-08-06,8452
2016-08-07,12235
2016-08-08,10435
2016-08-09,10943
2016-08-10,16040
2016-08-11,14884
2016-08-12,13468
2016-08-13,11736
2016-08-14,8554
2016-08-15,9856
2016-08-16,7144
2016-08-17,7272
2016-08-18,15029
2016-08-19,13382
2016-08-20,8529
2016-08-21,8161
2016-08-22,11254
2016-08-23,9935
2016-08-24,10771
2016-08-25,17023
2016-08-26,14364
2016-08-27,13266
2016-08-28,16207
2016-08-29,14507
2016-08-30,17715
2016-08-31,25067
2016-09-01,15966
2016-09-02,16578
2016-09-03,15994
2016-09-04,13993
2016-09-05,16944
2016-09-06,31333
2016-09-07,24390
2016-09-08,22166
2016-09-09,32438
2016-09-10,23676
2016-09-11,23288
2016-09-12,28323
2016-09-13,27681
2016-09-14,17757
2016-09-15,18105
2016-09-16,12382
2016-09-17,15454
2016-09-18,24401
2016-09-19,18606
2016-09-20,14530
2016-09-21,13889
2016-09-22,12057
2016-09-23,10635
2016-09-24,9839
2016-09-25,10060
2016-09-26,14039
2016-09-27,15617
2016-09-28,19675
2016-09-29,22091
2016-09-30,13313
2016-10-01,11874
2016-10-02,9676
2016-10-03,8382
2016-10-04,9708
2016-10-05,9006
2016-10-06,15072
2016-10-07,17360
2016-10-08,15280
2016-10-09,15249
2016-10-10,12593
2016-10-11,12853
2016-10-12,15454
2016-10-13,12708
2016-10-14,11381
2016-10-15,12108
2016-10-16,16878
2016-10-17,15263
2016-10-18,19046
2016-10-19,16509
2016-10-20,16057
2016-10-21,14112
2016-10-22,13150
2016-10-23,15380
2016-10-24,17418
2016-10-25,13547
2016-10-26,12774
2016-10-27,13320
2016-10-28,10655
2016-10-29,10539
2016-10-30,11545
2016-10-31,15872
2016-11-01,31149
2016-11-02,17521
2016-11-03,23528
2016-11-04,22415
2016-11-05,15922
2016-11-06,14958
2016-11-07,35047
2016-11-08,32558
2016-11-09,16177
2016-11-10,39073
2016-11-11,233277
2016-11-12,44694
2016-11-13,23772
2016-11-14,20084
2016-11-15,20628
2016-11-16,21962
2016-11-17,17829
2016-11-18,15093
2016-11-19,11515
2016-11-20,12459
2016-11-21,13865
2016-11-22,19644
2016-11-23,18760
2016-11-24,19642
2016-11-25,23960
2016-11-26,16270
2016-11-27,14043
2016-11-28,13699
2016-11-29,16303
2016-11-30,13836
2016-12-01,90917
2016-12-02,22160
2016-12-03,12604
2016-12-04,11633
2016-12-05,12497
2016-12-06,11874
2016-12-07,16507
2016-12-08,19065
2016-12-09,13745
2016-12-10,12683
2016-12-11,22158
2016-12-12,99530
2016-12-13,20690
2016-12-14,24834
2016-12-15,18826
2016-12-16,11447
2016-12-17,10895
2016-12-18,11170
2016-12-19,16122
2016-12-20,13020
2016-12-21,14267
2016-12-22,18844
2016-12-23,21366
2016-12-24,16270
2016-12-25,17999
2016-12-26,19966
2016-12-27,85487
2016-12-28,40400
2016-12-29,29478
2016-12-30,23833
2016-12-31,24160
2017-01-01,32182
2017-01-02,31784
2017-01-03,21961
2017-01-04,21346
2017-01-05,747114
2017-01-06,97457
2017-01-07,76601
2017-01-08,62755
2017-01-09,51186
2017-01-10,46143
2017-01-11,165831
2017-01-12,76802
2017-01-13,74951
2017-01-14,81054
2017-01-15,78896
2017-01-16,72666
2017-01-17,75321
2017-01-18,101583
2017-01-19,75087
2017-01-20,81629
2017-01-21,86246
2017-01-22,61330
2017-01-23,38881
2017-01-24,33531
2017-01-25,18211
2017-01-26,11032
2017-01-27,4420
2017-01-28,5067
2017-01-29,6568
2017-01-30,5879
2017-01-31,6355
2017-02-01,7077
2017-02-02,7164
2017-02-03,9908
2017-02-04,9618
2017-02-05,10364
2017-02-06,11222
2017-02-07,11355
2017-02-08,12493
2017-02-09,11379
2017-02-10,10210
2017-02-11,11590
2017-02-12,14608
2017-02-13,15332
2017-02-14,15047
2017-02-15,16181
2017-02-16,20041
2017-02-17,17584
2017-02-18,15929
2017-02-19,16150
2017-02-20,20244
2017-02-21,21178
2017-02-22,17548
2017-02-23,32863
2017-02-24,18044
2017-02-25,18605
2017-02-26,19426
2017-02-27,18339
2017-02-28,20490
2017-03-01,17250
2017-03-02,16450
2017-03-03,18520
2017-03-04,17810
2017-03-05,17569
2017-03-06,18588
2017-03-07,20328
2017-03-08,24624
2017-03-09,20415
2017-03-10,20616
2017-03-11,17630
2017-03-12,20334
2017-03-13,23987
2017-03-14,21575
2017-03-15,26816
2017-03-16,21992
2017-03-17,20173
2017-03-18,19522
2017-03-19,22398
2017-03-20,20891
2017-03-21,22562
2017-03-22,25068
2017-03-23,24854
2017-03-24,25942
2017-03-25,24390
2017-03-26,21205
2017-03-27,23249
2017-03-28,19672
2017-03-29,18674
2017-03-30,21437
2017-03-31,21219
2017-04-01,16371
2017-04-02,21493
2017-04-03,14993
2017-04-04,18973
2017-04-05,21047
2017-04-06,19705
2017-04-07,18653
2017-04-08,20679
2017-04-09,27447
2017-04-10,23746
2017-04-11,22506
2017-04-12,26512
2017-04-13,23705
2017-04-14,19756
2017-04-15,20253
2017-04-16,19478
2017-04-17,25462
2017-04-18,24168
2017-04-19,17223
2017-04-20,18336
2017-04-21,17288
2017-04-22,17710
2017-04-23,18356
2017-04-24,22884
2017-04-25,23964
2017-04-26,22439
2017-04-27,24211
2017-04-28,19992
2017-04-29,17429
2017-04-30,18068
2017-05-01,15273
2017-05-02,17623
2017-05-03,23630
2017-05-04,17954
2017-05-05,17062
2017-05-06,15375
2017-05-07,24013
2017-05-08,17870
2017-05-09,17377
2017-05-10,17624
2017-05-11,19759
2017-05-12,21147
2017-05-13,21772
2017-05-14,19846
2017-05-15,26312
2017-05-16,22473
2017-05-17,39327
2017-05-18,21861
2017-05-19,21159
2017-05-20,16777
2017-05-21,16364
2017-05-22,19645
2017-05-23,19027
2017-05-24,17180
2017-05-25,19947
2017-05-26,18129
2017-05-27,16378
2017-05-28,15590
2017-05-29,12804
2017-05-30,13258
2017-05-31,20611
2017-06-01,14943
2017-06-02,21657
2017-06-03,16529
2017-06-04,17496
2017-06-05,16729
2017-06-06,37620
2017-06-07,26686
2017-06-08,16307
2017-06-09,24585
2017-06-10,26944
2017-06-11,20612
2017-06-12,29405
2017-06-13,25067
2017-06-14,27748
2017-06-15,25964
2017-06-16,21741
2017-06-17,21740
2017-06-18,157544
2017-06-19,44558
2017-06-20,41558
2017-06-21,19745
2017-06-22,19556
2017-06-23,17566
2017-06-24,13879
2017-06-25,13373
2017-06-26,12254
2017-06-27,12034
2017-06-28,11862
2017-06-29,14331
2017-06-30,14704
2017-07-01,11235
2017-07-02,12192
2017-07-03,15308
2017-07-04,14276
2017-07-05,15029
2017-07-06,25201
2017-07-07,22870
2017-07-08,22432
2017-07-09,17739
2017-07-10,27591
2017-07-11,78789
2017-07-12,44831
2017-07-13,36809
2017-07-14,27916
2017-07-15,29359
2017-07-16,28181
2017-07-17,41258
2017-07-18,23719
2017-07-19,24296
2017-07-20,21661
2017-07-21,17788
2017-07-22,24618
2017-07-23,21494
2017-07-24,21141
2017-07-25,21864
2017-07-26,19366
2017-07-27,18574
2017-07-28,20878
2017-07-29,19944
2017-07-30,21295
2017-07-31,21908
2017-08-01,22293
2017-08-02,20082
2017-08-03,19171
2017-08-04,17710
2017-08-05,16092
2017-08-06,17355
2017-08-07,19446
2017-08-08,20048
2017-08-09,22329
2017-08-10,23732
2017-08-11,19846
2017-08-12,20196
2017-08-13,21393
2017-08-14,24131
2017-08-15,26477
2017-08-16,26942
2017-08-17,32524
2017-08-18,65116
2017-08-19,40030
2017-08-20,36002
2017-08-21,37003
2017-08-22,35917
2017-08-23,37615
2017-08-24,44400
2017-08-25,29714
2017-08-26,19647
2017-08-27,24695
2017-08-28,26158
2017-08-29,29629
2017-08-30,29957
2017-08-31,21906
2017-09-01,18744
2017-09-02,22984
2017-09-03,22438
2017-09-04,25427
2017-09-05,24139
2017-09-06,30120
2017-09-07,27445
2017-09-08,27461
2017-09-09,32639
2017-09-10,37256
2017-09-11,34451
2017-09-12,27306
2017-09-13,23173
2017-09-14,37989
2017-09-15,23038
2017-09-16,23871
2017-09-17,23118
2017-09-18,28093
2017-09-19,30059
2017-09-20,28644
2017-09-21,30272
2017-09-22,55595
2017-09-23,43412
2017-09-24,29798
2017-09-25,22986
2017-09-26,18191
2017-09-27,25368
2017-09-28,21259
2017-09-29,29779
2017-09-30,20630
2017-10-01,19539
2017-10-02,17000
2017-10-03,15815
2017-10-04,12107
2017-10-05,10722
2017-10-06,13239
2017-10-07,12305
2017-10-08,19107
2017-10-09,17128
2017-10-10,38630
2017-10-11,32575
2017-10-12,32961
2017-10-13,25693
2017-10-14,37103
2017-10-15,30318
2017-10-16,18859
2017-10-17,19720
2017-10-18,21844
2017-10-19,21217
2017-10-20,18153
2017-10-21,25070
2017-10-22,20277
2017-10-23,21457
2017-10-24,24148
2017-10-25,24813
2017-10-26,25832
2017-10-27,21813
2017-10-28,26525
2017-10-29,39987
2017-10-30,28086
2017-10-31,24830
2017-11-01,24481
2017-11-02,19415
2017-11-03,26575
2017-11-04,32568
2017-11-05,35450
2017-11-06,32155
2017-11-07,43883
2017-11-08,41523
2017-11-09,50895
2017-11-10,71342
2017-11-11,294280
2017-11-12,61246
2017-11-13,56890
2017-11-14,44531
2017-11-15,46505
2017-11-16,41955
2017-11-17,19254
2017-11-18,20676
2017-11-19,18209
2017-11-20,25325
2017-11-21,27281
2017-11-22,23398
2017-11-23,22605
2017-11-24,29426
2017-11-25,54029
2017-11-26,35894
2017-11-27,32518
2017-11-28,30507
2017-11-29,28890
2017-11-30,45931
2017-12-01,33376
2017-12-02,31158
2017-12-03,33555
2017-12-04,37488
2017-12-05,41199
2017-12-06,39349
2017-12-07,39254
2017-12-08,33047
2017-12-09,33203
2017-12-10,38170
2017-12-11,45783
2017-12-12,140702
2017-12-13,46258
2017-12-14,49599
2017-12-15,37120
2017-12-16,37503
2017-12-17,32483
2017-12-18,32089
2017-12-19,34107
2017-12-20,33341
2017-12-21,39224
2017-12-22,35944
2017-12-23,44505
2017-12-24,31134
2017-12-25,42258
2017-12-26,49469
2017-12-27,47151
2017-12-28,58166
2017-12-29,36213
2017-12-30,49293
2017-12-31,44213
2018-01-01,44047
2018-01-02,42121
2018-01-03,36436
2018-01-04,33246
2018-01-05,33355
2018-01-06,38457
2018-01-07,54136
2018-01-08,52531
2018-01-09,45917
2018-01-10,39772
2018-01-11,44916
2018-01-12,39464
2018-01-13,38848
2018-01-14,36623
2018-01-15,43740
2018-01-16,141649
2018-01-17,46916
2018-01-18,60813
2018-01-19,54156
2018-01-20,48665
2018-01-21,46369
2018-01-22,47904
2018-01-23,44958
2018-01-24,119599
2018-01-25,77954
2018-01-26,85488
2018-01-27,85395
2018-01-28,76017
2018-01-29,83014
2018-01-30,117786
2018-01-31,131394
2018-02-01,137264
2018-02-02,97436
2018-02-03,105431
2018-02-04,136724
2018-02-05,124413
2018-02-06,111349
2018-02-07,105305
2018-02-08,93491
2018-02-09,90161
2018-02-10,118900
2018-02-11,94413
2018-02-12,43574
2018-02-13,38395
2018-02-14,14798
2018-02-15,13930
2018-02-16,8974
2018-02-17,8752
2018-02-18,10629
2018-02-19,11499
2018-02-20,12395
2018-02-21,19035
2018-02-22,17836
2018-02-23,19266
2018-02-24,22813
2018-02-25,21923
2018-02-26,21754
2018-02-27,24682
2018-02-28,25709
2018-03-01,32388
2018-03-02,23108
2018-03-03,18086
2018-03-04,19926
2018-03-05,25775
2018-03-06,20988
2018-03-07,27080
2018-03-08,22290
2018-03-09,16450
2018-03-10,18828
2018-03-11,17240
2018-03-12,21165
2018-03-13,21651
2018-03-14,21829
2018-03-15,26894
2018-03-16,27985
2018-03-17,27656
2018-03-18,27973
2018-03-19,27370
2018-03-20,48204
2018-03-21,31465
2018-03-22,23261
2018-03-23,27691
2018-03-24,26844
2018-03-25,25213
2018-03-26,21017
2018-03-27,21426
2018-03-28,21762
2018-03-29,25671
2018-03-30,19646
2018-03-31,20591
2018-04-01,17606
2018-04-02,15328
2018-04-03,20969
2018-04-04,16431
2018-04-05,22393
2018-04-06,25077
2018-04-07,24608
2018-04-08,23684
2018-04-09,40011
2018-04-10,41196
2018-04-11,28340
2018-04-12,26965
2018-04-13,23488
2018-04-14,21744
2018-04-15,19716
2018-04-16,20466
2018-04-17,40327
2018-04-18,27737
2018-04-19,26042
2018-04-20,23729
2018-04-21,26413
2018-04-22,43368
2018-04-23,29080
2018-04-24,21929
2018-04-25,21154
2018-04-26,21691
2018-04-27,21605
2018-04-28,19888
2018-04-29,19938
2018-04-30,18027
2018-05-01,21065
2018-05-02,19075
2018-05-03,28507
2018-05-04,30322
2018-05-05,25350
2018-05-06,26518
2018-05-07,23802
2018-05-08,23717
2018-05-09,17843
2018-05-10,16979
2018-05-11,22117
2018-05-12,23597
2018-05-13,38073
2018-05-14,23763
2018-05-15,36845
2018-05-16,36187
2018-05-17,44638
2018-05-18,25591
2018-05-19,47367
2018-05-20,36029
2018-05-21,25923
2018-05-22,25846
2018-05-23,21061
2018-05-24,22697
2018-05-25,18796
2018-05-26,19348
2018-05-27,18901
2018-05-28,22514
2018-05-29,23302
2018-05-30,24383
2018-05-31,28386
2018-06-01,46600
2018-06-02,29753
2018-06-03,29422
2018-06-04,26739
2018-06-05,52898
2018-06-06,40497
2018-06-07,41698
2018-06-08,36789
2018-06-09,35259
2018-06-10,29574
2018-06-11,30875
2018-06-12,61549
2018-06-13,47346
2018-06-14,41629
2018-06-15,53509
2018-06-16,50281
2018-06-17,60886
2018-06-18,100909
2018-06-19,43042
2018-06-20,42457
2018-06-21,26733
2018-06-22,29113
2018-06-23,28286
2018-06-24,21861
2018-06-25,20094
2018-06-26,21313
2018-06-27,19996
2018-06-28,16305
2018-06-29,26716
2018-06-30,26143
2018-07-01,35225
2018-07-02,24019
2018-07-03,29618
2018-07-04,27157
2018-07-05,31341
2018-07-06,51308
2018-07-07,28252
2018-07-08,26130
2018-07-09,19923
2018-07-10,17620
2018-07-11,57830
2018-07-12,47765
2018-07-13,42539
2018-07-14,21054
2018-07-15,23824
2018-07-16,25420
2018-07-17,40993
2018-07-18,26538
2018-07-19,26293
2018-07-20,30026
2018-07-21,25183
2018-07-22,25609
2018-07-23,26626
2018-07-24,45399
2018-07-25,57520
2018-07-26,40529
2018-07-27,40189
2018-07-28,43521
2018-07-29,70436
2018-07-30,66662
2018-07-31,43876
2018-08-01,28029
2018-08-02,28564
2018-08-03,50742
2018-08-04,43635
2018-08-05,45850
2018-08-06,40693
2018-08-07,48552
2018-08-08,60072
2018-08-09,49979
2018-08-10,59587
2018-08-11,66239
2018-08-12,44211
2018-08-13,66976
2018-08-14,46037
2018-08-15,43030
2018-08-16,59703
2018-08-17,56376
2018-08-18,40393
2018-08-19,27784
2018-08-20,24134
2018-08-21,23483
2018-08-22,27671
2018-08-23,26038
2018-08-24,30707
2018-08-25,31797
2018-08-26,33327
2018-08-27,26765
2018-08-28,34117
2018-08-29,35038
2018-08-30,34615
2018-08-31,35358
2018-09-01,37684
2018-09-02,31534
2018-09-03,27867
2018-09-04,29761
2018-09-05,41123
2018-09-06,48494
2018-09-07,42631
2018-09-08,31227
2018-09-09,40555
2018-09-10,35454
2018-09-11,40551
2018-09-12,35028
2018-09-13,35386
2018-09-14,36926
2018-09-15,30468
2018-09-16,28083
2018-09-17,32478
2018-09-18,44839
2018-09-19,34055
2018-09-20,32845
2018-09-21,26861
2018-09-22,31410
2018-09-23,21078
2018-09-24,14880
2018-09-25,20229
2018-09-26,18305
2018-09-27,16795
2018-09-28,27665
2018-09-29,27437
2018-09-30,19186
2018-10-01,17508
2018-10-02,13466
2018-10-03,13930
2018-10-04,18318
2018-10-05,18690
2018-10-06,20133
2018-10-07,18297
2018-10-08,20490
2018-10-09,40024
2018-10-10,32728
2018-10-11,29047
2018-10-12,24410
2018-10-13,26479
2018-10-14,23006
2018-10-15,25919
2018-10-16,49284
2018-10-17,42734
2018-10-18,38707
2018-10-19,45468
2018-10-20,66383
2018-10-21,67651
2018-10-22,55176
2018-10-23,78969
2018-10-24,68725
2018-10-25,77611
2018-10-26,76741
2018-10-27,67297
2018-10-28,70438
2018-10-29,61175
2018-10-30,65199
2018-10-31,75501
2018-11-01,79121
2018-11-02,60061
2018-11-03,81965
2018-11-04,69005
2018-11-05,87477
2018-11-06,97315
2018-11-07,86784
2018-11-08,82149
2018-11-09,114759
2018-11-10,177229
2018-11-11,660818
2018-11-12,218431
2018-11-13,101263
2018-11-14,79815
2018-11-15,87436
2018-11-16,76776
2018-11-17,119585
2018-11-18,123210
2018-11-19,122670
2018-11-20,126770
2018-11-21,119502
2018-11-22,106761
2018-11-23,98552
2018-11-24,94163
2018-11-25,100198
2018-11-26,101498
2018-11-27,110055
2018-11-28,135187
2018-11-29,379960
2018-11-30,273955
2018-12-01,62816
2018-12-02,66726
2018-12-03,111120
2018-12-04,197634
2018-12-05,113772
2018-12-06,79206
2018-12-07,66621
2018-12-08,61852
2018-12-09,63848
2018-12-10,68305
2018-12-11,85520
2018-12-12,284984
2018-12-13,105472
2018-12-14,67045
2018-12-15,85557
2018-12-16,86735
2018-12-17,55809
2018-12-18,116023
2018-12-19,81362
2018-12-20,108681
2018-12-21,95104
2018-12-22,82591
2018-12-23,77006
2018-12-24,115818
2018-12-25,179531
2018-12-26,117892
2018-12-27,98606
2018-12-28,133757
2018-12-29,136598
2018-12-30,92300
2018-12-31,147368
2019-01-01,129541
2019-01-02,138115
2019-01-03,107841
2019-01-04,134332
2019-01-05,159193
2019-01-06,151926
2019-01-07,179560
2019-01-08,196197
2019-01-09,452784
2019-01-10,277375
2019-01-11,196142
2019-01-12,175593
2019-01-13,181899
2019-01-14,182553
2019-01-15,289378
2019-01-16,338971
2019-01-17,305630
2019-01-18,259296
2019-01-19,189176
2019-01-20,208826
2019-01-21,243177
2019-01-22,240890
2019-01-23,277088
2019-01-24,243929
2019-01-25,294845
2019-01-26,369830
2019-01-27,449871
2019-01-28,354561
2019-01-29,306519
2019-01-30,271122
2019-01-31,188310
2019-02-01,114656
2019-02-02,99733
2019-02-03,35625
2019-02-04,97858
2019-02-05,106310
2019-02-06,41375
2019-02-07,40654
2019-02-08,46022
2019-02-09,45400
2019-02-10,36370
2019-02-11,37100
2019-02-12,42790
2019-02-13,48777
2019-02-14,59522
2019-02-15,51059
2019-02-16,52807
2019-02-17,38622
2019-02-18,42036
2019-02-19,39522
2019-02-20,43316
2019-02-21,70350
2019-02-22,59679
2019-02-23,49774
2019-02-24,60040
2019-02-25,54351
2019-02-26,84001
2019-02-27,51781
2019-02-28,48015
2019-03-01,54838
2019-03-02,77759
2019-03-03,55732
2019-03-04,54145
2019-03-05,78783
2019-03-06,85559
2019-03-07,52363
2019-03-08,46410
2019-03-09,48430
2019-03-10,38470
2019-03-11,40008
2019-03-12,42165
2019-03-13,43306
2019-03-14,55008
2019-03-15,59851
2019-03-16,38769
2019-03-17,36195
2019-03-18,31032
2019-03-19,38844
2019-03-20,41004
2019-03-21,53697
2019-03-22,63300
2019-03-23,65713
2019-03-24,69815
2019-03-25,57208
2019-03-26,59929
2019-03-27,63252
2019-03-28,63169
2019-03-29,45874
2019-03-30,50237
2019-03-31,43191
2019-04-01,45327
2019-04-02,51206
2019-04-03,44552
2019-04-04,53590
2019-04-05,50762
2019-04-06,42125
2019-04-07,25860
2019-04-08,39206
2019-04-09,53804
2019-04-10,43635
2019-04-11,47320
2019-04-12,54075
2019-04-13,47389
2019-04-14,45090
2019-04-15,47921
2019-04-16,66612
2019-04-17,78570
2019-04-18,71428
2019-04-19,54532
2019-04-20,44925
2019-04-21,47232
2019-04-22,71870
2019-04-23,78937
2019-04-24,53570
2019-04-25,64676
2019-04-26,60674
2019-04-27,70164
2019-04-28,95966
2019-04-29,54947
2019-04-30,38033
2019-05-01,42129
2019-05-02,35707
2019-05-03,37444
2019-05-04,37131
2019-05-05,39671
2019-05-06,71643
2019-05-07,83607
2019-05-08,54222
2019-05-09,31564
2019-05-10,32092
2019-05-11,34490
2019-05-12,34413
2019-05-13,34634
2019-05-14,30879
2019-05-15,29745
2019-05-16,64951
2019-05-17,68243
2019-05-18,54506
2019-05-19,35130
2019-05-20,44294
2019-05-21,39904
2019-05-22,26587
2019-05-23,22535
2019-05-24,19479
2019-05-25,41614
2019-05-26,22602
2019-05-27,29680
2019-05-28,43027
2019-05-29,33936
2019-05-30,28540
2019-05-31,25013
2019-06-01,64101
2019-06-02,54678
2019-06-03,32233
2019-06-04,35941
2019-06-05,40117
2019-06-06,31139
2019-06-07,31694
2019-06-08,36928
2019-06-09,22604
2019-06-10,32625
2019-06-11,41091
2019-06-12,48130
2019-06-13,101533
2019-06-14,57359
2019-06-15,40230
2019-06-16,139005
2019-06-17,130772
2019-06-18,373722
2019-06-19,80458
2019-06-20,40955
2019-06-21,31450
2019-06-22,28220
2019-06-23,23818
2019-06-24,28714
2019-06-25,24656
2019-06-26,27289
2019-06-27,28844
2019-06-28,20324
2019-06-29,27988
2019-06-30,29448
2019-07-01,39569
2019-07-02,31563
2019-07-03,45050
2019-07-04,49294
2019-07-05,41886
2019-07-06,26617
2019-07-07,27771
2019-07-08,49845
2019-07-09,35866
2019-07-10,60334
2019-07-11,92626
2019-07-12,28813
2019-07-13,28894
2019-07-14,28156
2019-07-15,45586
2019-07-16,53282
2019-07-17,42416
2019-07-18,41154
2019-07-19,25735
2019-07-20,26397
2019-07-21,26833
2019-07-22,27523
2019-07-23,24849
2019-07-24,25006
2019-07-25,34634
2019-07-26,48257
2019-07-27,45641
2019-07-28,62059
2019-07-29,60692
2019-07-30,44044
2019-07-31,40814
2019-08-01,26011
2019-08-02,31202
2019-08-03,39717
2019-08-04,38033
2019-08-05,62075
2019-08-06,42151
2019-08-07,42055
2019-08-08,64834
2019-08-09,72053
2019-08-10,59372
2019-08-11,67191
2019-08-12,46375
2019-08-13,45081
2019-08-14,34192
2019-08-15,32611
2019-08-16,39702
2019-08-17,36423
2019-08-18,79349
2019-08-19,63780
2019-08-20,65425
2019-08-21,50158
2019-08-22,44560
2019-08-23,40624
2019-08-24,51036
2019-08-25,61881
2019-08-26,53151
2019-08-27,56609
2019-08-28,127338
2019-08-29,100684
2019-08-30,66777
2019-08-31,53340
2019-09-01,44379
2019-09-02,51265
2019-09-03,76506
2019-09-04,118300
2019-09-05,108144
2019-09-06,106722
2019-09-07,103711
2019-09-08,90816
2019-09-09,202174
2019-09-10,132359
2019-09-11,81919
2019-09-12,60704
2019-09-13,68890
2019-09-14,56540
2019-09-15,39532
2019-09-16,50545
2019-09-17,55202
2019-09-18,62583
2019-09-19,51986
2019-09-20,67123
2019-09-21,80918
2019-09-22,74700
2019-09-23,69221
2019-09-24,47340
2019-09-25,60136
2019-09-26,47934
2019-09-27,49884
2019-09-28,48035
2019-09-29,61365
2019-09-30,54419
2019-10-01,39337
2019-10-02,38070
2019-10-03,48964
2019-10-04,50209
2019-10-05,60524
2019-10-06,53735
2019-10-07,54094
2019-10-08,70369
2019-10-09,75563
2019-10-10,91336
2019-10-11,82624
2019-10-12,68450
2019-10-13,76849
2019-10-14,66370
2019-10-15,93039
2019-10-16,60956
2019-10-17,78284
2019-10-18,47459
2019-10-19,57847
2019-10-20,51897
2019-10-21,61348
2019-10-22,86243
2019-10-23,82983
2019-10-24,83881
2019-10-25,60937
2019-10-26,71452
2019-10-27,71710
2019-10-28,98679
2019-10-29,84250
2019-10-30,53896
2019-10-31,45195
2019-11-01,113152
2019-11-02,107105
2019-11-03,99108
2019-11-04,98410
2019-11-05,106569
2019-11-06,126042
2019-11-07,130716
2019-11-08,153400
2019-11-09,151503
2019-11-10,252733
2019-11-11,624090
2019-11-12,141983
2019-11-13,109548
2019-11-14,96757
2019-11-15,90313
2019-11-16,62388
2019-11-17,62556
2019-11-18,84979
2019-11-19,80004
2019-11-20,51740
2019-11-21,45516
2019-11-22,45670
2019-11-23,60691
2019-11-24,89033
2019-11-25,68937
2019-11-26,69587
2019-11-27,71514
2019-11-28,128955
2019-11-29,97845
2019-11-30,88669
2019-12-01,57226
2019-12-02,111116
2019-12-03,75459
2019-12-04,94438
2019-12-05,106611
2019-12-06,74572
2019-12-07,56884
2019-12-08,46248
2019-12-09,56402
2019-12-10,54348
2019-12-11,97087
2019-12-12,277750
2019-12-13,53943
2019-12-14,44371
2019-12-15,49286
2019-12-16,41450
2019-12-17,71237
2019-12-18,53989
2019-12-19,46187
2019-12-20,40311
2019-12-21,45298
2019-12-22,44286
2019-12-23,53722
2019-12-24,71917
2019-12-25,73992
2019-12-26,93777
2019-12-27,96146
2019-12-28,61824
2019-12-29,96990
2019-12-30,90986
2019-12-31,103423
2020-01-01,139312
2020-01-02,144309
2020-01-03,134105
2020-01-04,178551
2020-01-05,158771
2020-01-06,194166
2020-01-07,204369
2020-01-08,233994
2020-01-09,203570
2020-01-10,146762
2020-01-11,783855
2020-01-12,281644
2020-01-13,277735
2020-01-14,214409
2020-01-15,192071
2020-01-16,225794
2020-01-17,245912
2020-01-18,204781
2020-01-19,150293
2020-01-20,137213
2020-01-21,113715
2020-01-22,72857
2020-01-23,41123
2020-01-24,23755
2020-01-25,36996
2020-01-26,49173
2020-01-27,57574
2020-01-28,56089
2020-01-29,52112
2020-01-30,63031
2020-01-31,70324
2020-02-01,86199
2020-02-02,78518
2020-02-03,67490
2020-02-04,69372
2020-02-05,76616
2020-02-06,77885
2020-02-07,77497
2020-02-08,88481
2020-02-09,74249
2020-02-10,62877
2020-02-11,67451
2020-02-12,46795
2020-02-13,47715
2020-02-14,83007
2020-02-15,83709
2020-02-16,71436
2020-02-17,80925
2020-02-18,83509
2020-02-19,48631
2020-02-20,45308
2020-02-21,31228
2020-02-22,43409
2020-02-23,43325
2020-02-24,59129
2020-02-25,51443
2020-02-26,41948
2020-02-27,44328
2020-02-28,55368
2020-02-29,67311
2020-03-01,49033
2020-03-02,59086
2020-03-03,51117
2020-03-04,51709
2020-03-05,45810
2020-03-06,47968
2020-03-07,49129
2020-03-08,59550
2020-03-09,55652
2020-03-10,53634
2020-03-11,78251
2020-03-12,82466
2020-03-13,85939
2020-03-14,70665
2020-03-15,67498
2020-03-16,55222
2020-03-17,87363
2020-03-18,82578
2020-03-19,97059
2020-03-20,83315
2020-03-21,102788
2020-03-22,108286
2020-03-23,51285
2020-03-24,76396
2020-03-25,95182
2020-03-26,94989
2020-03-27,66712
2020-03-28,62671
2020-03-29,95462
2020-03-30,78732
2020-03-31,74025
2020-04-01,69492
2020-04-02,56069
2020-04-03,45614
2020-04-04,76894
2020-04-05,64537
2020-04-06,57173
2020-04-07,47106
2020-04-08,55956
2020-04-09,38021
2020-04-10,49544
2020-04-11,48679
2020-04-12,43253
2020-04-13,47993
2020-04-14,42905
2020-04-15,61860
2020-04-16,44037
2020-04-17,42716
2020-04-18,48293
2020-04-19,35462
2020-04-20,56485
2020-04-21,66824
2020-04-22,67561
2020-04-23,45223
2020-04-24,48701
2020-04-25,108507
2020-04-26,152388
2020-04-27,126484
2020-04-28,81778
2020-04-29,51402
2020-04-30,67051
2020-05-01,49259
2020-05-02,30108
2020-05-03,39853
2020-05-04,43165
2020-05-05,56461
2020-05-06,35337
2020-05-07,46629
2020-05-08,55054
2020-05-09,45328
2020-05-10,48288
2020-05-11,35982
2020-05-12,26916
2020-05-13,39990
2020-05-14,29468
2020-05-15,70109
2020-05-16,46045
2020-05-17,92456
2020-05-18,62479
2020-05-19,56925
2020-05-20,36973
2020-05-21,108423
2020-05-22,41946
2020-05-23,30518
2020-05-24,29835
2020-05-25,40563
2020-05-26,46501
2020-05-27,27279
2020-05-28,28366
2020-05-29,53386
2020-05-30,50261
2020-05-31,74112
2020-06-01,147113
2020-06-02,116970
2020-06-03,83240
2020-06-04,27921
2020-06-05,43120
2020-06-06,38513
2020-06-07,28602
2020-06-08,31283
2020-06-09,40870
2020-06-10,30220
2020-06-11,28830
2020-06-12,28126
2020-06-13,31652
2020-06-14,31842
2020-06-15,22097
2020-06-16,76584
2020-06-17,103471
2020-06-18,351625
2020-06-19,81789
2020-06-20,44097
2020-06-21,47016
2020-06-22,26330
2020-06-23,28278
2020-06-24,32023
2020-06-25,35067
2020-06-26,29292
2020-06-27,32986
2020-06-28,36381
2020-06-29,41150
2020-06-30,69598
2020-07-01,67337
2020-07-02,55604
2020-07-03,52600
2020-07-04,37927
2020-07-05,34938
2020-07-06,108752
2020-07-07,149456
2020-07-08,36497
2020-07-09,48439
2020-07-10,86849
2020-07-11,107684
2020-07-12,30568
2020-07-13,30454
2020-07-14,28119
2020-07-15,34394
2020-07-16,49226
2020-07-17,52032
2020-07-18,36582
2020-07-19,44331
2020-07-20,28730
2020-07-21,134127
2020-07-22,75577
2020-07-23,30295
2020-07-24,36345
2020-07-25,43498
2020-07-26,44574
2020-07-27,47056
2020-07-28,63744
2020-07-29,42757
2020-07-30,52584
2020-07-31,64214
2020-08-01,34480
2020-08-02,40161
2020-08-03,28598
2020-08-04,36104
2020-08-05,47734
2020-08-06,68554
2020-08-07,58311
2020-08-08,84797
2020-08-09,56757
2020-08-10,63344
2020-08-11,91347
2020-08-12,52580
2020-08-13,74149
2020-08-14,36825
2020-08-15,58506
2020-08-16,65579
2020-08-17,105098
2020-08-18,88642
2020-08-19,130611
2020-08-20,99173
2020-08-21,51979
2020-08-22,76710
2020-08-23,85023
2020-08-24,74005
2020-08-25,47955
2020-08-26,49799
2020-08-27,65400
2020-08-28,63124
2020-08-29,61112
2020-08-30,67839
2020-08-31,57944
2020-09-01,52188
2020-09-02,44504
2020-09-03,51777
2020-09-04,118863
2020-09-05,72438
2020-09-06,52709
2020-09-07,80088
2020-09-08,113188
2020-09-09,103193
2020-09-10,61089
2020-09-11,62718
2020-09-12,65451
2020-09-13,77775
2020-09-14,67492
2020-09-15,124968
2020-09-16,69951
2020-09-17,113705
2020-09-18,78518
2020-09-19,68816
2020-09-20,72656
2020-09-21,78824
2020-09-22,72587
2020-09-23,243543
2020-09-24,132020
2020-09-25,183543
2020-09-26,105044
2020-09-27,82980
2020-09-28,104323
2020-09-29,69954
2020-09-30,89284
2020-10-01,54561
2020-10-02,32713
2020-10-03,30384
2020-10-04,32659
2020-10-05,36224
2020-10-06,34713
2020-10-07,46532
2020-10-08,41981
2020-10-09,83256
2020-10-10,60969
2020-10-11,39665
2020-10-12,41663
2020-10-13,59289
2020-10-14,97926
2020-10-15,89240
2020-10-16,79627
2020-10-17,54841
2020-10-18,118865
2020-10-19,170512
2020-10-20,87104
2020-10-21,79874
2020-10-22,121323
2020-10-23,183182
2020-10-24,74780
2020-10-25,57906
2020-10-26,95606
2020-10-27,85208
2020-10-28,73503
2020-10-29,126690
2020-10-30,53963
2020-10-31,54225
2020-11-01,145991
2020-11-02,133239
2020-11-03,156975
2020-11-04,71321
2020-11-05,125709
2020-11-06,145903
2020-11-07,119444
2020-11-08,219870
2020-11-09,479098
2020-11-10,237941
2020-11-11,596714
2020-11-12,151872
2020-11-13,111732
2020-11-14,62754
2020-11-15,66522
2020-11-16,97253
2020-11-17,80921
2020-11-18,136665
2020-11-19,167141
2020-11-20,175986
2020-11-21,99293
2020-11-22,62059
2020-11-23,59740
2020-11-24,240727
2020-11-25,170020
2020-11-26,82585
2020-11-27,50010
2020-11-28,70932
2020-11-29,51394
2020-11-30,64801
2020-12-01,231128
2020-12-02,133337
2020-12-03,105664
2020-12-04,91134
2020-12-05,82339
2020-12-06,113133
2020-12-07,123864
2020-12-08,183467
2020-12-09,140224
2020-12-10,183120
2020-12-11,179131
2020-12-12,356304
2020-12-13,83128
2020-12-14,72918
2020-12-15,79352
2020-12-16,102448
2020-12-17,64277
2020-12-18,80009
2020-12-19,47311
2020-12-20,56588
2020-12-21,55524
2020-12-22,197246
2020-12-23,181369
2020-12-24,117644
2020-12-25,102096
2020-12-26,136857
2020-12-27,107150
2020-12-28,108084
2020-12-29,626969
2020-12-30,136432
2020-12-31,100440
2021-01-01,60327
2021-01-02,57801
2021-01-03,59302
2021-01-04,50432
2021-01-05,92766
2021-01-06,101614
2021-01-07,89901
2021-01-08,102075
2021-01-09,179389
2021-01-10,117966
2021-01-11,224923
2021-01-12,196333
2021-01-13,126137
2021-01-14,110266
2021-01-15,155484
2021-01-16,100830
2021-01-17,92849
2021-01-18,123452
2021-01-19,106427
2021-01-20,220373
2021-01-21,131519
2021-01-22,116932
2021-01-23,128941
2021-01-24,588207
2021-01-25,152544
2021-01-26,133988
2021-01-27,380077
2021-01-28,164767
2021-01-29,958449
2021-01-30,250271
2021-01-31,258750
2021-02-01,290943
2021-02-02,289315
2021-02-03,263625
2021-02-04,302085
2021-02-05,228019
2021-02-06,214437
2021-02-07,189387
2021-02-08,207112
2021-02-09,153266
2021-02-10,87133
2021-02-11,19569
2021-02-12,16337
2021-02-13,19200
2021-02-14,21195
2021-02-15,24239
2021-02-16,27304
2021-02-17,30523
2021-02-18,53111
2021-02-19,58426
2021-02-20,58876
2021-02-21,46045
2021-02-22,54757
2021-02-23,60563
2021-02-24,59014
2021-02-25,64064
2021-02-26,56192
2021-02-27,53837
2021-02-28,68653
2021-03-01,66504
2021-03-02,82243
2021-03-03,38771
2021-03-04,50517
2021-03-05,75460
2021-03-06,63356
2021-03-07,59097
2021-03-08,101873
2021-03-09,50610
2021-03-10,51433
2021-03-11,48104
2021-03-12,74208
2021-03-13,29702
2021-03-14,30582
2021-03-15,53647
2021-03-16,54979
2021-03-17,52095
2021-03-18,48384
2021-03-19,105539
2021-03-20,88557
2021-03-21,51443
2021-03-22,57418
2021-03-23,64552
2021-03-24,70442
2021-03-25,57917
2021-03-26,55100
2021-03-27,48157
2021-03-28,45566
2021-03-29,121328
2021-03-30,69380
2021-03-31,79287
2021-04-01,63527
2021-04-02,67738
2021-04-03,38616
2021-04-04,38150
2021-04-05,43642
2021-04-06,45487
2021-04-07,50770
2021-04-08,46608
2021-04-09,56898
2021-04-10,45000
2021-04-11,48701
2021-04-12,55582
2021-04-13,75595
2021-04-14,39307
2021-04-15,88787
2021-04-16,64782
2021-04-17,46297
2021-04-18,45072
2021-04-19,45553
2021-04-20,58550
2021-04-21,97839
2021-04-22,80564
2021-04-23,50227
2021-04-24,41629
2021-04-25,46372
2021-04-26,46066
2021-04-27,46780
2021-04-28,41743
2021-04-29,81900
2021-04-30,73930
2021-05-01,56611
2021-05-02,22804
2021-05-03,23328
2021-05-04,32301
2021-05-05,27237
2021-05-06,34363
2021-05-07,57596
2021-05-08,49230
2021-05-09,46311
2021-05-10,54204
2021-05-11,30527
2021-05-12,33379
2021-05-13,27036
2021-05-14,55877
2021-05-15,46034
2021-05-16,37194
2021-05-17,93879
2021-05-18,34595
2021-05-19,53005
2021-05-20,42801
2021-05-21,24843
2021-05-22,23764
2021-05-23,33563
2021-05-24,43467
2021-05-25,72519
2021-05-26,50403
2021-05-27,36024
2021-05-28,31907
2021-05-29,30315
2021-05-30,33886
2021-05-31,33614
2021-06-01,166953
2021-06-02,88571
2021-06-03,137271
2021-06-04,27974
2021-06-05,26268
2021-06-06,22839
2021-06-07,33810
2021-06-08,52423
2021-06-09,30382
2021-06-10,227311
2021-06-11,38351
2021-06-12,28106
2021-06-13,24820
2021-06-14,19055
2021-06-15,20654
2021-06-16,93491
2021-06-17,93063
2021-06-18,225572
2021-06-19,56126
2021-06-20,38105
2021-06-21,23551
2021-06-22,26793
2021-06-23,22803
2021-06-24,24247
2021-06-25,49700
2021-06-26,23637
2021-06-27,23123
2021-06-28,25804
2021-06-29,22848
2021-06-30,24607
2021-07-01,35836
2021-07-02,37992
2021-07-03,22810
2021-07-04,20987
2021-07-05,23947
2021-07-06,29616
2021-07-07,32761
2021-07-08,49207
2021-07-09,36383
2021-07-10,29782
2021-07-11,31284
2021-07-12,28776
2021-07-13,34193
2021-07-14,31266
2021-07-15,41295
2021-07-16,24461
2021-07-17,29117
2021-07-18,30335
2021-07-19,45241
2021-07-20,50756
2021-07-21,52213
2021-07-22,59458
2021-07-23,56293
2021-07-24,61998
2021-07-25,59388
2021-07-26,44114
2021-07-27,52031
2021-07-28,62767
2021-07-29,65822
2021-07-30,51662
2021-07-31,55573
2021-08-01,57829
2021-08-02,69685
2021-08-03,46211
2021-08-04,34383
2021-08-05,38942
2021-08-06,38445
2021-08-07,40201
2021-08-08,48756
2021-08-09,43941
2021-08-10,44100
2021-08-11,50105
2021-08-12,70218
2021-08-13,79357
2021-08-14,70936
2021-08-15,53135
2021-08-16,57033
2021-08-17,50009
2021-08-18,119205
2021-08-19,48173
2021-08-20,45699
2021-08-21,33037
2021-08-22,30606
2021-08-23,32205
2021-08-24,37744
2021-08-25,57176
2021-08-26,53129
2021-08-27,40059
2021-08-28,38929
2021-08-29,55043
2021-08-30,62341
2021-08-31,55493
2021-09-01,63260
2021-09-02,62742
2021-09-03,79784
2021-09-04,71437
2021-09-05,61952
2021-09-06,73608
2021-09-07,85037
2021-09-08,74427
2021-09-09,338136
2021-09-10,88877
2021-09-11,38458
2021-09-12,32626
2021-09-13,50408
2021-09-14,75765
2021-09-15,63613
2021-09-16,51922
2021-09-17,53445
2021-09-18,55743
2021-09-19,44183
2021-09-20,32090
2021-09-21,22580
2021-09-22,30247
2021-09-23,28958
2021-09-24,25784
2021-09-25,33624
2021-09-26,33396
2021-09-27,39656
2021-09-28,42081
2021-09-29,53289
2021-09-30,33689
2021-10-01,33948
2021-10-02,38158
2021-10-03,33464
2021-10-04,39303
2021-10-05,33353
2021-10-06,50418
2021-10-07,44598
2021-10-08,52945
2021-10-09,53579
2021-10-10,48643
2021-10-11,42912
2021-10-12,36383
2021-10-13,58453
2021-10-14,51159
2021-10-15,49629
2021-10-16,37468
2021-10-17,32932
2021-10-18,48492
2021-10-19,41618
2021-10-20,64813
2021-10-21,59139
2021-10-22,55816
2021-10-23,39326
2021-10-24,45452
2021-10-25,65103
2021-10-26,73600
2021-10-27,70933
2021-10-28,61350
2021-10-29,50947
2021-10-30,49439
2021-10-31,166430
2021-11-01,158939
2021-11-02,122303
2021-11-03,157298
2021-11-04,75303
2021-11-05,52268
